9872,7-Eleven Inc,1,7-Eleven Employee Reviews,https://www.indeed.com/cmp/7--eleven/reviews
9872,7-Eleven Inc,2,Working at 7-Eleven in Irving, TX: 91 Reviews | Indeed.com,https://www.indeed.com/cmp/7--eleven/reviews?fcountry=US&floc=Irving%2C+TX
9872,7-Eleven Inc,3,Working at 7-Eleven in Honolulu, HI: Employee Reviews | Indeed.com,https://www.indeed.com/cmp/7--eleven/reviews?fcountry=US&floc=Honolulu%2C+HI
9872,7-Eleven Inc,4,Working at 7-Eleven: 2840 Reviews about Pay & Benefits | Indeed.com,https://www.indeed.com/cmp/7--eleven/reviews?ftopic=paybenefits
9872,7-Eleven Inc,5,Working as a Maintenance Technician at 7-Eleven: Employee ...,https://www.indeed.com/cmp/7--eleven/reviews?fjobtitle=Maintenance+Technician
6791,First Acceptance Corp,1,Working at First Acceptance Corp: Employee Reviews | Indeed.com,https://www.indeed.com/cmp/First-Acceptance-Corp/reviews
6791,First Acceptance Corp,2,Working at FIRST ACCEPTANCE INSURANCE: Employee Reviews ...,https://www.indeed.com/cmp/First-Acceptance-Insurance/reviews
6791,First Acceptance Corp,3,Working at FT ACCEPTANCE CORP: Employee Reviews | Indeed.com,https://www.indeed.com/cmp/Ft-Acceptance-Corp/reviews
6791,First Acceptance Corp,4,Working at FT ACCEPTANCE CORP in Miami, FL: Employee ...,https://www.indeed.com/cmp/Ft-Acceptance-Corp/reviews?fcountry=US&floc=Miami%2C+FL&ftopic=jobsecadv
6791,First Acceptance Corp,5,Working at FT ACCEPTANCE CORP in Miami, FL: Employee Reviews,https://www.indeed.com/cmp/Ft-Acceptance-Corp/reviews?fcountry=US&floc=Miami%2C+FL
1111,Activision Inc.,1,Working at Activision Blizzard: 159 Reviews | Indeed.com,https://www.indeed.com/cmp/Activision-Blizzard/reviews
1111,Activision Inc.,2,Working at Activision Blizzard in Los Angeles, CA: Employee Reviews,https://www.indeed.com/cmp/Activision-Blizzard/reviews?fcountry=US&floc=Los+Angeles%2C+CA
1111,Activision Inc.,3,Working at Activision Blizzard: 179 Reviews | Indeed.com,https://www.indeed.com/cmp/Activision-Blizzard/reviews?fcountry=ALL
1111,Activision Inc.,4,Working at Activision in Eden Prairie, MN: Employee Reviews ...,https://www.indeed.com/cmp/Activision/reviews?fcountry=US&floc=Eden+Prairie%2C+MN
1111,Activision Inc.,5,Working at Activision Blizzard in Edina, MN: Employee Reviews ...,https://www.indeed.com/cmp/Activision-Blizzard/reviews?fcountry=US&floc=Edina%2C+MN
100862,Adecco Group AG,1,Working at Adecco: 10,495 Reviews | Indeed.com,https://www.indeed.com/cmp/Adecco/reviews
100862,Adecco Group AG,2,The Adecco Group Reviews | Indeed.com,https://in.indeed.com/cmp/The-Adecco-Group/reviews
100862,Adecco Group AG,3,Working at Adecco: 2,307 Reviews about Pay & Benefits | Indeed.com,https://www.indeed.com/cmp/Adecco/reviews?ftopic=paybenefits
100862,Adecco Group AG,4,Adecco Careers and Employment | Indeed.com,https://ca.indeed.com/cmp/Adecco
100862,Adecco Group AG,5,Do they hold your first weeks pay? or no because it's temp work ...,https://www.indeed.com/cmp/Adecco/faq/do-they-hold-your-first-weeks-pay-or-no-because-it-s-temp-work?quid=1aqgdv4fcaqila15
12540,Adobe Inc,1,Working at Adobe: 374 Reviews | Indeed.com,https://www.indeed.com/cmp/Adobe/reviews
12540,Adobe Inc,2,Adobe Reviews: 233 Employee Reviews | Indeed.com,https://in.indeed.com/cmp/Adobe/reviews
12540,Adobe Inc,3,Adobe: 15 Employee Reviews | Indeed.com,https://ca.indeed.com/cmp/Adobe/reviews
12540,Adobe Inc,4,Working at Adobe Home Systems: Employee Reviews | Indeed.com,https://www.indeed.com/cmp/Adobe-Home-Systems-1/reviews
12540,Adobe Inc,5,Working at ADOBE ENERGY MANAGEMENT: Employee Reviews ...,https://www.indeed.com/cmp/Adobe-Energy-Management/reviews
14438,ADT Corp (The),1,Working at ADT Security Services: 5,485 Reviews | Indeed.com,https://www.indeed.com/cmp/Adt-Security-Services/reviews
14438,ADT Corp (The),2,Working at ADT Security Services in Boca Raton, FL: 75 Reviews ...,https://www.indeed.com/cmp/Adt-Security-Services/reviews?fcountry=US&floc=Boca+Raton%2C+FL
14438,ADT Corp (The),3,Working as a Sales Representative at ADT Security Services: 500 ...,https://www.indeed.com/cmp/Adt-Security-Services/reviews?fjobtitle=Sales+Representative
14438,ADT Corp (The),4,Working at ADT Security Services in Riverside, CA: Employee ...,https://www.indeed.com/cmp/Adt-Security-Services/reviews?fcountry=US&floc=Riverside%2C+CA
14438,ADT Corp (The),5,Working at ADT Security Services in Orlando, FL: Employee Reviews,https://www.indeed.com/cmp/Adt-Security-Services/reviews?fcountry=US&floc=Orlando%2C+FL
32930,ADT Inc,1,Working at ADT Security Services: 5,485 Reviews | Indeed.com,https://www.indeed.com/cmp/Adt-Security-Services/reviews
32930,ADT Inc,2,Working as a Sales Representative at ADT Security Services: 500 ...,https://www.indeed.com/cmp/Adt-Security-Services/reviews?fjobtitle=Sales+Representative
32930,ADT Inc,3,Working at ADT Security Services in Tampa, FL: 51 Reviews ...,https://www.indeed.com/cmp/Adt-Security-Services/reviews?fcountry=US&floc=Tampa%2C+FL
32930,ADT Inc,4,Working as a Customer Service Representative at ADT Security ...,https://www.indeed.com/cmp/Adt-Security-Services/reviews?fjobtitle=Customer+Service+Representative
32930,ADT Inc,5,Working at ADT Security Services in Irving, TX: 375 Reviews ...,https://www.indeed.com/cmp/Adt-Security-Services/reviews?fcountry=US&floc=Irving%2C+TX
145977,Advance Auto Parts Inc.,1,Working at Advance Auto Parts: 1,961 Reviews about Work-Life ...,https://www.indeed.com/cmp/Advance-Auto-Parts/reviews?ftopic=wlbalance
145977,Advance Auto Parts Inc.,2,Working as a General Manager at Advance Auto Parts: 500 Reviews ...,https://www.indeed.com/cmp/Advance-Auto-Parts/reviews?fjobtitle=General+Manager
145977,Advance Auto Parts Inc.,3,Advance Auto Parts Careers and Employment | Indeed.com,https://www.indeed.com/cmp/Advance-Auto-Parts
145977,Advance Auto Parts Inc.,4,Working as a General Manager at Advance Auto Parts: 137 Reviews ...,https://www.indeed.com/cmp/Advance-Auto-Parts/reviews?fjobtitle=General+Manager&ftopic=paybenefits
145977,Advance Auto Parts Inc.,5,Working as an Administrative Assistant at Advance Auto Parts ...,https://www.indeed.com/cmp/Advance-Auto-Parts/reviews?fjobtitle=Administrative+Assistant&ftopic=culture
19987,Aecon Group Inc,1,Working at Aecon Group: 432 Reviews | Indeed.com,https://ca.indeed.com/cmp/Aecon-Group/reviews
19987,Aecon Group Inc,2,Working at Aecon Group: 109 reviews about Pay & benefits | Indeed ...,https://ca.indeed.com/cmp/Aecon-Group/reviews?ftopic=paybenefits
19987,Aecon Group Inc,3,Working as a Laborer at Aecon Group: Employee Reviews | Indeed ...,https://ca.indeed.com/cmp/Aecon-Group/reviews?fcountry=ALL&fjobtitle=Laborer
19987,Aecon Group Inc,4,Working at Aecon Group in Brantford, ON: Employee Reviews ...,https://ca.indeed.com/cmp/Aecon-Group/reviews?fcountry=CA&floc=Brantford%2C+ON
19987,Aecon Group Inc,5,Aecon Group - Jobs, Reviews & Salaries | Indeed.com,https://ca.indeed.com/cmp/Aecon-Group
1177,Aetna Inc.,1,Working at Aetna, a CVS Health Company: 5,707 Reviews | Indeed ...,https://www.indeed.com/cmp/Aetna,-A-CVS-Health-Company/reviews
1177,Aetna Inc.,2,Working at Aetna, a CVS Health Company in Remote: 164 Reviews ...,https://www.indeed.com/cmp/Aetna,-A-CVS-Health-Company/reviews?fcountry=US&floc=Remote
1177,Aetna Inc.,3,Working at Aetna, a CVS Health Company in Arlington, TX: 224 ...,https://www.indeed.com/cmp/Aetna/reviews?fcountry=US&floc=Arlington%2C+TX
1177,Aetna Inc.,4,Working at Aetna, a CVS Health Company: 5,837 Reviews | Indeed ...,https://www.indeed.com/cmp/Aetna,-A-CVS-Health-Company/reviews?fcountry=ALL
1177,Aetna Inc.,5,Working at Aetna, a CVS Health Company in Phoenix, AZ: 219 ...,https://www.indeed.com/cmp/Aetna/reviews?fcountry=US&floc=Phoenix%2C+AZ
37413,Affirm Holdings Inc,1,Working at Affirm: Employee Reviews | Indeed.com,https://www.indeed.com/cmp/Affirm/reviews
37413,Affirm Holdings Inc,2,Salaries at Affirm: Average Pay 2022 | Indeed.com,https://www.indeed.com/cmp/Affirm/salaries
37413,Affirm Holdings Inc,3,Affirm Careers and Employment | Indeed.com,https://www.indeed.com/cmp/Affirm
37413,Affirm Holdings Inc,4,Affirm Mission, Benefits, and Work Culture | Indeed.com,https://www.indeed.com/cmp/Affirm/about
37413,Affirm Holdings Inc,5,Capital One Employee Reviews,https://www.indeed.com/cmp/Capital-One/reviews
61955,AGF Management Ltd,1,AGF Management Limited Reviews with Jobs | Indeed.com,https://ca.indeed.com/cmp/Agf-Management-Limited/reviews
61955,AGF Management Ltd,2,Working at Arrowhead Couriers LTD: Employee Reviews | Indeed.com,https://uk.indeed.com/cmp/Arrowhead-Couriers-Ltd/reviews
61955,AGF Management Ltd,3,Working at AGF Access Group in London, ON: Employee Reviews ...,https://ca.indeed.com/cmp/Agf-Access-Group/reviews?fcountry=CA&floc=London%2C+ON
61955,AGF Management Ltd,4,Working at Aluminium & Glass Facades Ltd: 4 Reviews | Indeed.com,https://uk.indeed.com/cmp/Aluminium-&-Glass-Facades-Ltd/reviews
61955,AGF Management Ltd,5,Agf Access | Indeed.com,https://ca.indeed.com/cmp/Agf-Access
9872,7-Eleven Inc,1,7-Eleven Employee Reviews,https://www.indeed.com/cmp/7--eleven/reviews
9872,7-Eleven Inc,2,Working at 7-Eleven in Irving, TX: 91 Reviews | Indeed.com,https://www.indeed.com/cmp/7--eleven/reviews?fcountry=US&floc=Irving%2C+TX
9872,7-Eleven Inc,3,Working at 7-Eleven in Los Angeles, CA: 76 Reviews | Indeed.com,https://www.indeed.com/cmp/7--eleven/reviews?fcountry=US&floc=Los+Angeles%2C+CA
9872,7-Eleven Inc,4,Working at 7-Eleven in Honolulu, HI: Employee Reviews | Indeed.com,https://www.indeed.com/cmp/7--eleven/reviews?fcountry=US&floc=Honolulu%2C+HI
9872,7-Eleven Inc,5,Working at 7-Eleven: 2840 Reviews about Pay & Benefits | Indeed.com,https://www.indeed.com/cmp/7--eleven/reviews?ftopic=paybenefits
6791,First Acceptance Corp,1,Working at First Acceptance Corp: Employee Reviews | Indeed.com,https://www.indeed.com/cmp/First-Acceptance-Corp/reviews
6791,First Acceptance Corp,2,Working at FIRST ACCEPTANCE INSURANCE: Employee Reviews ...,https://www.indeed.com/cmp/First-Acceptance-Insurance/reviews
6791,First Acceptance Corp,3,Working at FT ACCEPTANCE CORP: Employee Reviews | Indeed.com,https://www.indeed.com/cmp/Ft-Acceptance-Corp/reviews
6791,First Acceptance Corp,4,Working at FT ACCEPTANCE CORP in Miami, FL: Employee ...,https://www.indeed.com/cmp/Ft-Acceptance-Corp/reviews?fcountry=US&floc=Miami%2C+FL&ftopic=jobsecadv
6791,First Acceptance Corp,5,Working at FT ACCEPTANCE CORP in Miami, FL: Employee Reviews,https://www.indeed.com/cmp/Ft-Acceptance-Corp/reviews?fcountry=US&floc=Miami%2C+FL
